HOEDANIGHEID;HOED_OMS;Hoedanigheidgroep;DATUM_STATUS;STATUS
136gTZV;uitgedrukt in 136 g TZV;HoedanigheidEquivalent;10-6-2011;Gepubliceerd
136gTZVd;uitgedrukt in 136 g TZV / drooggewicht;HoedanigheidCombinatie;10-6-2011;Gepubliceerd
150gTZV;uitgedrukt in 150 g TZV;HoedanigheidEquivalent;10-6-2011;Gepubliceerd
180gTZV;uitgedrukt in 180 g TZV;HoedanigheidEquivalent;10-6-2011;Gepubliceerd
180gTZVd;uitgedrukt in 180 g TZV / drooggewicht;HoedanigheidCombinatie;10-6-2011;Gepubliceerd
18oC;t.o.v. 18 graden Celsius;HoedanigheidReferentieBasis;10-6-2011;Gepubliceerd
20oC;t.o.v. 20 graden Celsius;HoedanigheidReferentieBasis;10-6-2011;Gepubliceerd
20oCINSU;t.o.v. 20 graden Celsius / in situ gemeten;HoedanigheidCombinatie;10-6-2011;Gepubliceerd
22oC;t.o.v. 22 graden Celsius;HoedanigheidReferentieBasis;26-8-2011;Gepubliceerd
25oC;t.o.v. 25 graden Celsius;HoedanigheidReferentieBasis;10-6-2011;Gepubliceerd
25oCINSU;t.o.v. 25 graden Celsius / in situ gemeten;HoedanigheidCombinatie;10-6-2011;Gepubliceerd
36oC;t.o.v. 36 graden Celsius;HoedanigheidReferentieBasis;26-8-2011;Gepubliceerd
54gBZV;uitgedrukt in 54 g BZV;HoedanigheidEquivalent;10-6-2011;Gepubliceerd
54gBZVdg;uitgedrukt in 54 g BZV / drooggewicht;HoedanigheidCombinatie;10-6-2011;Gepubliceerd
550oC;t.o.v. 550 graden Celsius;HoedanigheidReferentieBasis;13-9-2014;Gepubliceerd
ASTNMH;t.o.v. astronomisch getij;ReferentieVlak;10-6-2011;Gepubliceerd
BODM;t.o.v. de bodem;ReferentieVlak;10-6-2011;Gepubliceerd
BOORVLR;t.o.v. boorvloer;ReferentieVlak;10-6-2011;Gepubliceerd
BZVdg;uitgedrukt in BZV / drooggewicht;HoedanigheidCombinatie;10-6-2011;Gepubliceerd
BrO3;uitgedrukt in Bromaat;HoedanigheidEquivalent;10-6-2011;Gepubliceerd
BraunBS;uitgedrukt volgens Braun-Blanquet-Schaal;HoedanigheidEquivalent;28-6-2011;Gepubliceerd
Brnf;uitgedrukt in Bromide na filtratie;HoedanigheidCombinatie;10-6-2011;Gepubliceerd
C;uitgedrukt in Koolstof;HoedanigheidEquivalent;10-6-2011;Gepubliceerd
C05C06;koolwaterstoffractie C5-C6;KoolwaterstofFractie;21-1-2014;Gepubliceerd
C05C08;koolwaterstoffractie C5-C8;KoolwaterstofFractie;13-9-2014;Gepubliceerd
C05C08dg;koolwaterstoffractie C5-C8 / drooggewicht;HoedanigheidCombinatie;13-9-2014;Gepubliceerd
C05C10;koolwaterstoffractie C5-C10;KoolwaterstofFractie;13-9-2014;Gepubliceerd
C05C10dg;koolwaterstoffractie C5-C10 / drooggewicht;HoedanigheidCombinatie;13-9-2014;Gepubliceerd
C06C07;koolwaterstoffractie C6-C7;KoolwaterstofFractie;13-9-2014;Gepubliceerd
C06C07dg;koolwaterstoffractie C6-C7 / drooggewicht;HoedanigheidCombinatie;13-9-2014;Gepubliceerd
C06C08;koolwaterstoffractie C6-C8;KoolwaterstofFractie;17-10-2013;Gepubliceerd
C06C08dg;koolwaterstoffractie C6-C8 / drooggewicht;HoedanigheidCombinatie;13-9-2014;Gepubliceerd
C06C10;koolwaterstoffractie C6-C10;KoolwaterstofFractie;10-6-2011;Gepubliceerd
C06C10dg;koolwaterstoffractie C6-C10 / drooggewicht;HoedanigheidCombinatie;10-6-2011;Gepubliceerd
C06C16;koolwaterstoffractie C6-C16;KoolwaterstofFractie;21-1-2014;Gepubliceerd
C06C16dg;koolwaterstoffractie C6-C16 / drooggewicht;HoedanigheidCombinatie;13-9-2014;Gepubliceerd
C06C35;koolwaterstoffractie C6-C35;KoolwaterstofFractie;13-9-2014;Gepubliceerd
C06C35dg;koolwaterstoffractie C6-C35 / drooggewicht;HoedanigheidCombinatie;13-9-2014;Gepubliceerd
C06C40;koolwaterstoffractie C6-C40;KoolwaterstofFractie;13-9-2014;Gepubliceerd
C06C40dg;koolwaterstoffractie C6-C40 / drooggewicht;HoedanigheidCombinatie;13-9-2014;Gepubliceerd
C07C08;koolwaterstoffractie C7-C8;KoolwaterstofFractie;13-9-2014;Gepubliceerd
C07C08dg;koolwaterstoffractie C7-C8 / drooggewicht;HoedanigheidCombinatie;13-9-2014;Gepubliceerd
C08C10;koolwaterstoffractie C8-C10;KoolwaterstofFractie;17-10-2013;Gepubliceerd
C08C10dg;koolwaterstoffractie C8-C10 / drooggewicht;HoedanigheidCombinatie;10-6-2011;Gepubliceerd
C10C12;koolwaterstoffractie C10-C12;KoolwaterstofFractie;10-6-2011;Gepubliceerd
C10C12dg;koolwaterstoffractie C10-C12 / drooggewicht;HoedanigheidCombinatie;10-6-2011;Gepubliceerd
C10C16;koolwaterstoffractie C10-16;KoolwaterstofFractie;26-5-2012;Gepubliceerd
C10C16dg;koolwaterstoffractie C10-C16 / drooggewicht;HoedanigheidCombinatie;10-6-2011;Gepubliceerd
C10C19dg;koolwaterstoffractie C10-C19 / drooggewicht;HoedanigheidCombinatie;2-8-2011;Gepubliceerd
C10C20;koolwaterstoffractie C10-C20;KoolwaterstofFractie;10-6-2011;Gepubliceerd
C10C20dg;koolwaterstoffractie C10-C20 / drooggewicht;HoedanigheidCombinatie;10-6-2011;Gepubliceerd
C10C25;koolwaterstoffractie C10-C25;KoolwaterstofFractie;13-9-2014;Gepubliceerd
C10C25dg;koolwaterstoffractie C10-C25 / drooggewicht;HoedanigheidCombinatie;13-9-2014;Gepubliceerd
C10C40;koolwaterstoffractie C10-C40;KoolwaterstofFractie;10-6-2011;Gepubliceerd
C10C40dg;koolwaterstoffractie C10-C40 / drooggewicht;HoedanigheidCombinatie;10-6-2011;Gepubliceerd
C12C14;koolwaterstoffractie C12-C14;KoolwaterstofFractie;13-9-2014;Gepubliceerd
C12C14dg;koolwaterstoffractie C12-C14 / drooggewicht;HoedanigheidCombinatie;10-6-2011;Gepubliceerd
C12C16;koolwaterstoffractie C12-C16;KoolwaterstofFractie;10-6-2011;Gepubliceerd
C12C16dg;koolwaterstoffractie C12-C16 / drooggewicht;HoedanigheidCombinatie;10-6-2011;Gepubliceerd
C12C20;koolwaterstoffractie C12-C20;KoolwaterstofFractie;13-9-2014;Gepubliceerd
C12C20dg;koolwaterstoffractie C12-C20 / drooggewicht;HoedanigheidCombinatie;2-8-2011;Gepubliceerd
C12C22;koolwaterstoffractie C12-C22;KoolwaterstofFractie;10-6-2011;Gepubliceerd
C12C22dg;koolwaterstoffractie C12-C22 / drooggewicht;HoedanigheidCombinatie;10-6-2011;Gepubliceerd
C14C20;koolwaterstoffractie C14-C20;KoolwaterstofFractie;13-9-2014;Gepubliceerd
C14C20dg;koolwaterstoffractie C14-C20 / drooggewicht;HoedanigheidCombinatie;10-6-2011;Gepubliceerd
C16C20;koolwaterstoffractie C16-C20;KoolwaterstofFractie;10-6-2011;Gepubliceerd
C16C20dg;koolwaterstoffractie C16-C20 / drooggewicht;HoedanigheidCombinatie;10-6-2011;Gepubliceerd
C16C21;koolwaterstoffractie C16-C21;KoolwaterstofFractie;13-9-2014;Gepubliceerd
C16C21dg;koolwaterstoffractie C16-C21 / drooggewicht;HoedanigheidCombinatie;2-8-2011;Gepubliceerd
C16C22;koolwaterstoffractie C16-C22;KoolwaterstofFractie;26-5-2012;Gepubliceerd
C16C22dg;koolwaterstoffractie C16-C22 / drooggewicht;HoedanigheidCombinatie;10-6-2011;Gepubliceerd
C17;koolwaterstoffractie C17;KoolwaterstofFractie;13-9-2014;Gepubliceerd
C17dg;koolwaterstoffractie C17 / drooggewicht;HoedanigheidCombinatie;13-9-2014;Gepubliceerd
C20C24;koolwaterstoffractie C20-C24;KoolwaterstofFractie;10-6-2011;Gepubliceerd
C20C24dg;koolwaterstoffractie C20-C24 / drooggewicht;HoedanigheidCombinatie;10-6-2011;Gepubliceerd
C20C26;koolwaterstoffractie C20-C26;KoolwaterstofFractie;13-9-2014;Gepubliceerd
C20C26dg;koolwaterstoffractie C20-C26 / drooggewicht;HoedanigheidCombinatie;10-6-2011;Gepubliceerd
C20C27;koolwaterstoffractie C20-C27;KoolwaterstofFractie;21-1-2014;Gepubliceerd
C20C29dg;koolwaterstoffractie C20-C29 / drooggewicht;HoedanigheidCombinatie;2-8-2011;Gepubliceerd
C20C30;koolwaterstoffractie C20-C30;KoolwaterstofFractie;13-9-2014;Gepubliceerd
C20C30dg;koolwaterstoffractie C20-C30 / drooggewicht;HoedanigheidCombinatie;13-9-2014;Gepubliceerd
C20C40;koolwaterstoffractie C20-C40;KoolwaterstofFractie;10-6-2011;Gepubliceerd
C20C40dg;koolwaterstoffractie C20-C40 / drooggewicht;HoedanigheidCombinatie;10-6-2011;Gepubliceerd
C21C30;koolwaterstoffractie C21-C30;KoolwaterstofFractie;13-9-2014;Gepubliceerd
C21C30dg;koolwaterstoffractie C21-C30 / drooggewicht;HoedanigheidCombinatie;2-8-2011;Gepubliceerd
C21C35;koolwaterstoffractie C21-C35;KoolwaterstofFractie;13-9-2014;Gepubliceerd
C21C35dg;koolwaterstoffractie C21-C35 / drooggewicht;HoedanigheidCombinatie;13-9-2014;Gepubliceerd
C22C30;koolwaterstoffractie C22-C30;KoolwaterstofFractie;10-6-2011;Gepubliceerd
C22C30dg;koolwaterstoffractie C22-C30 / drooggewicht;HoedanigheidCombinatie;10-6-2011;Gepubliceerd
C24C28;koolwaterstoffractie C24-C28;KoolwaterstofFractie;10-6-2011;Gepubliceerd
C24C28dg;koolwaterstoffractie C24-C28 / drooggewicht;HoedanigheidCombinatie;10-6-2011;Gepubliceerd
C26C34;koolwaterstoffractie C26-C34;KoolwaterstofFractie;13-9-2014;Gepubliceerd
C26C34dg;koolwaterstoffractie C26-C34 / drooggewicht;HoedanigheidCombinatie;10-6-2011;Gepubliceerd
C28C32;koolwaterstoffractie C28-C32;KoolwaterstofFractie;10-6-2011;Gepubliceerd
C28C32dg;koolwaterstoffractie C28-C32 / drooggewicht;HoedanigheidCombinatie;10-6-2011;Gepubliceerd
C30C35;koolwaterstoffractie C30-C35;KoolwaterstofFractie;13-9-2014;Gepubliceerd
C30C35dg;koolwaterstoffractie C30-C35 / drooggewicht;HoedanigheidCombinatie;2-8-2011;Gepubliceerd
C30C40;koolwaterstoffractie C30-C40;KoolwaterstofFractie;10-6-2011;Gepubliceerd
C30C40dg;koolwaterstoffractie C30-C40 / drooggewicht;HoedanigheidCombinatie;10-6-2011;Gepubliceerd
C32C36;koolwaterstoffractie C32-C36;KoolwaterstofFractie;10-6-2011;Gepubliceerd
C32C36dg;koolwaterstoffractie C32-C36 / drooggewicht;HoedanigheidCombinatie;10-6-2011;Gepubliceerd
C34C40;koolwaterstoffractie C34-C40;KoolwaterstofFractie;13-9-2014;Gepubliceerd
C34C40dg;koolwaterstoffractie C34-C40 / drooggewicht;HoedanigheidCombinatie;10-6-2011;Gepubliceerd
C35C40;koolwaterstoffractie C35-C40;KoolwaterstofFractie;13-9-2014;Gepubliceerd
C35C40dg;koolwaterstoffractie C35-C40 / drooggewicht;HoedanigheidCombinatie;2-8-2011;Gepubliceerd
C36C40;koolwaterstoffractie C36-C40;KoolwaterstofFractie;10-6-2011;Gepubliceerd
C36C40dg;koolwaterstoffractie C36-C40 / drooggewicht;HoedanigheidCombinatie;10-6-2011;Gepubliceerd
CN;uitgedrukt in cyanide;HoedanigheidEquivalent;13-9-2014;Gepubliceerd
CNdg;uitgedrukt in cyanide / drooggewicht;HoedanigheidCombinatie;13-9-2014;Gepubliceerd
CS2;uitgedrukt in Koolstofdisulfide;HoedanigheidEquivalent;10-6-2011;Gepubliceerd
CS2dg;uitgedrukt in Koolstofdisulfide / drooggewicht;HoedanigheidCombinatie;10-6-2011;Gepubliceerd
CTAB;uitgedrukt in cetyltrimethylammoniumbromide;HoedanigheidEquivalent;12-4-2014;Gepubliceerd
CZVdg;uitgedrukt in CZV / drooggewicht;HoedanigheidCombinatie;10-6-2011;Gepubliceerd
CaCO3;uitgedrukt in Calciumcarbonaat;HoedanigheidEquivalent;10-6-2011;Gepubliceerd
CaCl2dg;uitgedrukt in Calciumchloride / drooggewicht;HoedanigheidCombinatie;10-6-2011;Gepubliceerd
CaO;uitgedrukt in calciumoxide;HoedanigheidEquivalent;21-1-2014;Gepubliceerd
CaOdg;uitgedrukt in Calciumoxide / drooggewicht;HoedanigheidCombinatie;10-6-2011;Gepubliceerd
Cdg;uitgedrukt in Koolstof / drooggewicht;HoedanigheidCombinatie;26-8-2011;Gepubliceerd
Cl;uitgedrukt in Chloor;HoedanigheidEquivalent;27-8-2011;Gepubliceerd
Cldg;uitgedrukt in Chloor / drooggewicht;HoedanigheidCombinatie;27-8-2011;Gepubliceerd
Clnb;uitgedrukt in Chloor na beluchten;HoedanigheidCombinatie;27-8-2011;Gepubliceerd
Clnf;uitgedrukt in Chloor na filtratie;HoedanigheidCombinatie;27-8-2011;Gepubliceerd
Cnf;uitgedrukt in Koolstof na filtratie;HoedanigheidCombinatie;10-6-2011;Gepubliceerd
Cpg;uitgedrukt in Koolstof particulair gebonden;HoedanigheidCombinatie;26-8-2011;Gepubliceerd
D002-032;diameter tussen 2 en 32 mm;KorrelgrootteFractie;24-5-2014;Gepubliceerd
D002-032dg;diameter tussen 2 en 32 mm / drooggewicht;KorrelgrootteFractie;13-9-2014;Gepubliceerd
D038-050;diameter tussen 38 en 50 um;KorrelgrootteFractie;10-6-2011;Gepubliceerd
D038-063;diameter tussen 38 en 63 um;KorrelgrootteFractie;10-6-2011;Gepubliceerd
D050-063;diameter tussen 50 en 63 um;KorrelgrootteFractie;10-6-2011;Gepubliceerd
D063-090;diameter tussen 63 en 90 um;KorrelgrootteFractie;10-6-2011;Gepubliceerd
D063-125;diameter tussen 63 en 125 um;KorrelgrootteFractie;10-6-2011;Gepubliceerd
D090-125;diameter tussen 90 en 125 um;KorrelgrootteFractie;10-6-2011;Gepubliceerd
D106-150;diameter tussen 106 en 150 um;KorrelgrootteFractie;10-6-2011;Gepubliceerd
D125-180;diameter tussen 125 en 180 um;KorrelgrootteFractie;10-6-2011;Gepubliceerd
D125-250;diameter tussen 125 en 250 um;KorrelgrootteFractie;10-6-2011;Gepubliceerd
D150-212;diameter tussen 150 en 212 um;KorrelgrootteFractie;10-6-2011;Gepubliceerd
D180-250;diameter tussen 180 en 250 um;KorrelgrootteFractie;10-6-2011;Gepubliceerd
D1E3-2E3;diameter tussen 1000 en 2000 um;KorrelgrootteFractie;10-6-2011;Gepubliceerd
D212-250;diameter tussen 212 en 250 um;KorrelgrootteFractie;10-6-2011;Gepubliceerd
D250-300;diameter tussen 250 en 300 um;KorrelgrootteFractie;10-6-2011;Gepubliceerd
D250-355;diameter tussen 250 en 355 um;KorrelgrootteFractie;10-6-2011;Gepubliceerd
D250-500;diameter tussen 250 en 500 um;KorrelgrootteFractie;10-6-2011;Gepubliceerd
D300-425;diameter tussen 300 en 425 um;KorrelgrootteFractie;10-6-2011;Gepubliceerd
D355-500;diameter tussen 355 en 500 um;KorrelgrootteFractie;10-6-2011;Gepubliceerd
D500-1E3;diameter tussen 500 en 1000 um;KorrelgrootteFractie;10-6-2011;Gepubliceerd
DICHT;dicht;HoedanigheidFractieBasis;7-8-2013;Gepubliceerd
DNAKPN;uitgedrukt in DNA-kopieÃ«n;HoedanigheidEquivalent;12-2-2013;Gepubliceerd
DOOD;Dood;BiologischKenmerk;17-3-2012;Gepubliceerd
DRIJVD;Drijvende fractie;HoedanigheidFractieBasis;5-8-2011;Gepubliceerd
Dg0038;diameter groter dan 38 um;KorrelgrootteFractie;8-12-2012;Gepubliceerd
Dg0043;diameter groter dan 43 um;KorrelgrootteFractie;10-6-2011;Gepubliceerd
Dg0050;diameter groter dan 50 um;KorrelgrootteFractie;10-6-2011;Gepubliceerd
Dg0053;diameter groter dan 53 um;KorrelgrootteFractie;10-6-2011;Gepubliceerd
Dg0063;diameter groter dan 63 um;KorrelgrootteFractie;10-6-2011;Gepubliceerd
Dg0150;diameter groter dan 150 um;KorrelgrootteFractie;10-6-2011;Gepubliceerd
Dg0210;diameter groter dan 210 um;KorrelgrootteFractie;10-6-2011;Gepubliceerd
Dg0250;diameter groter dan 250 um;KorrelgrootteFractie;10-6-2011;Gepubliceerd
Dg032;diameter groter dan 32 mm;KorrelgrootteFractie;24-5-2014;Gepubliceerd
Dg032dg;diameter groter dan 32 mm / drooggewicht;KorrelgrootteFractie;13-9-2014;Gepubliceerd
Dg0425;diameter groter dan 425 um;KorrelgrootteFractie;10-6-2011;Gepubliceerd
Dg2000;diameter groter dan 2000 um;KorrelgrootteFractie;10-6-2011;Gepubliceerd
Dg2000md;diameter groter dan 2000 um / minerale delen;KorrelgrootteFractie;10-6-2011;Gepubliceerd
Dk0002;diameter kleiner dan 2 um;KorrelgrootteFractie;10-6-2011;Gepubliceerd
Dk0002dg;diameter kleiner dan 2 um / drooggewicht;KorrelgrootteFractie;26-5-2012;Gepubliceerd
Dk0002md;diameter kleiner dan 2 um / minerale delen;KorrelgrootteFractie;10-6-2011;Gepubliceerd
Dk0004;diameter kleiner dan 4 um;KorrelgrootteFractie;10-6-2011;Gepubliceerd
Dk0008;diameter kleiner dan 8 um;KorrelgrootteFractie;10-6-2011;Gepubliceerd
Dk0010;diameter kleiner dan 10 um;KorrelgrootteFractie;10-6-2011;Gepubliceerd
Dk0016;diameter kleiner dan 16 um;KorrelgrootteFractie;10-6-2011;Gepubliceerd
Dk0016dg;diameter kleiner dan 16 um / drooggewicht;KorrelgrootteFractie;26-5-2012;Gepubliceerd
Dk0016md;diameter kleiner dan 16 um / minerale delen;KorrelgrootteFractie;10-6-2011;Gepubliceerd
Dk0020;diameter kleiner dan 20 um;KorrelgrootteFractie;10-6-2011;Gepubliceerd
Dk0032;diameter kleiner dan 32 um;KorrelgrootteFractie;10-6-2011;Gepubliceerd
Dk0032dg;diameter kleiner dan 32 um / drooggewicht;KorrelgrootteFractie;13-9-2014;Gepubliceerd
Dk0032md;diameter kleiner dan 32 um / minerale delen;KorrelgrootteFractie;10-6-2011;Gepubliceerd
Dk0035;diameter kleiner dan 35 um;KorrelgrootteFractie;26-5-2012;Gepubliceerd
Dk0038;diameter kleiner dan 38 um;KorrelgrootteFractie;8-12-2012;Gepubliceerd
Dk0038md;diameter kleiner dan 38 um / minerale delen;KorrelgrootteFractie;8-12-2012;Gepubliceerd
Dk0045;diameter kleiner dan 45 um;KorrelgrootteFractie;10-6-2011;Gepubliceerd
Dk0050;diameter kleiner dan 50 um;KorrelgrootteFractie;10-6-2011;Gepubliceerd
Dk0050md;diameter kleiner dan 50 um / minerale delen;KorrelgrootteFractie;10-6-2011;Gepubliceerd
Dk0053;diameter kleiner dan 53 um;KorrelgrootteFractie;10-6-2011;Gepubliceerd
Dk0063;diameter kleiner dan 63 um;KorrelgrootteFractie;10-6-2011;Gepubliceerd
Dk0063dg;diameter kleiner dan 63 um / drooggewicht;KorrelgrootteFractie;21-11-2013;Gepubliceerd
Dk0063md;diameter kleiner dan 63 um / minerale delen;KorrelgrootteFractie;10-6-2011;Gepubliceerd
Dk0080;diameter kleiner dan 80 um;KorrelgrootteFractie;10-6-2011;Gepubliceerd
Dk0090;diameter kleiner dan 90 um;KorrelgrootteFractie;10-6-2011;Gepubliceerd
Dk0090md;diameter kleiner dan 90 um / minerale delen;KorrelgrootteFractie;8-12-2012;Gepubliceerd
Dk0105;diameter kleiner dan 105 um;KorrelgrootteFractie;10-6-2011;Gepubliceerd
Dk0106;diameter kleiner dan 106 um;KorrelgrootteFractie;10-6-2011;Gepubliceerd
Dk0125;diameter kleiner dan 125 um;KorrelgrootteFractie;10-6-2011;Gepubliceerd
Dk0125md;diameter kleiner dan 125 um / minerale delen;KorrelgrootteFractie;10-6-2011;Gepubliceerd
Dk0180;diameter kleiner dan 180 um;KorrelgrootteFractie;10-6-2011;Gepubliceerd
Dk0180md;diameter kleiner dan 180 um / minerale delen;KorrelgrootteFractie;8-12-2012;Gepubliceerd
Dk0210;diameter kleiner dan 210 um;KorrelgrootteFractie;10-6-2011;Gepubliceerd
Dk0250;diameter kleiner dan 250 um;KorrelgrootteFractie;10-6-2011;Gepubliceerd
Dk0250md;diameter kleiner dan 250 um / minerale delen;KorrelgrootteFractie;10-6-2011;Gepubliceerd
Dk0355;diameter kleiner dan 355 um;KorrelgrootteFractie;10-6-2011;Gepubliceerd
Dk0355md;diameter kleiner dan 355 um / minerale delen;KorrelgrootteFractie;8-12-2012;Gepubliceerd
Dk0500;diameter kleiner dan 500 um;KorrelgrootteFractie;10-6-2011;Gepubliceerd
Dk0500md;diameter kleiner dan 500 um / minerale delen;KorrelgrootteFractie;10-6-2011;Gepubliceerd
Dk1000;diameter kleiner dan 1000 um;KorrelgrootteFractie;10-6-2011;Gepubliceerd
Dk1000md;diameter kleiner dan 1000 um / minerale delen;KorrelgrootteFractie;10-6-2011;Gepubliceerd
Dk2000;diameter kleiner dan 2000 um;KorrelgrootteFractie;10-6-2011;Gepubliceerd
Dk2000md;diameter kleiner dan 2000 um / minerale delen;KorrelgrootteFractie;10-6-2011;Gepubliceerd
Dk4000;diameter kleiner dan 4000 um;KorrelgrootteFractie;10-6-2011;Gepubliceerd
Dk8000;diameter kleiner dan 8000 um;KorrelgrootteFractie;10-6-2011;Gepubliceerd
EB-F;Energiebron-Fototroof;BiologischKenmerk;10-6-2011;Gepubliceerd
EB-H;Energiebron-Heterotroof;BiologischKenmerk;10-6-2011;Gepubliceerd
EEQ;uitgedrukt in 17b-estradiol equivalenten;HoedanigheidEquivalent;10-6-2011;Gepubliceerd
EKR;uitgedrukt in Ecologische Kwaliteitsratio;HoedanigheidEquivalent;10-6-2011;Gepubliceerd
EMS;Emerse fractie;HoedanigheidFractieBasis;5-8-2011;Gepubliceerd
EPSG19986;ETRS89-LambertEqualArea;ReferentiePlaats;24-9-2012;Gepubliceerd
EPSG23031;ED50/UTM31;ReferentiePlaats;24-9-2012;Gepubliceerd
EPSG23032;ED50/UTM32;ReferentiePlaats;24-9-2012;Gepubliceerd
EPSG28991;Rijksdriehoekstelsel-Oud;ReferentiePlaats;24-9-2012;Gepubliceerd
EPSG28992;Rijksdriehoekstelsel-Nieuw;ReferentiePlaats;24-9-2012;Gepubliceerd
EPSG3034;ETRS89-LambertConformConic;ReferentiePlaats;24-9-2012;Gepubliceerd
EPSG4258;ETRS89 lengte- en breedtegraden;ReferentiePlaats;15-10-2013;Gepubliceerd
F003;golffrequentie tussen 25 en 35 mHz;GolffrequentieKlasse;28-10-2014;Gepubliceerd
F003-010;golffrequentie tussen 30 en 100 mHz;GolffrequentieKlasse;28-10-2014;Gepubliceerd
F003-050;golffrequentie tussen 30 en 500 mHz;GolffrequentieKlasse;28-10-2014;Gepubliceerd
F003-100;golffrequentie tussen 30 en 1000 mHz;GolffrequentieKlasse;28-10-2014;Gepubliceerd
F004;golffrequentie tussen 35 en 45 mHz;GolffrequentieKlasse;28-10-2014;Gepubliceerd
F005;golffrequentie tussen 45 en 55 mHz;GolffrequentieKlasse;28-10-2014;Gepubliceerd
F006;golffrequentie tussen 55 en 65 mHz;GolffrequentieKlasse;28-10-2014;Gepubliceerd
F007;golffrequentie tussen 65 en 75 mHz;GolffrequentieKlasse;28-10-2014;Gepubliceerd
F008;golffrequentie tussen 75 en 85 mHz;GolffrequentieKlasse;28-10-2014;Gepubliceerd
F009;golffrequentie tussen 85 en 95 mHz;GolffrequentieKlasse;28-10-2014;Gepubliceerd
F010;golffrequentie tussen 95 en 105 mHz;GolffrequentieKlasse;28-10-2014;Gepubliceerd
F010-020;golffrequentie tussen 100 en 200 mHz;GolffrequentieKlasse;28-10-2014;Gepubliceerd
F011;golffrequentie tussen 105 en 115 mHz;GolffrequentieKlasse;28-10-2014;Gepubliceerd
F012;golffrequentie tussen 115 en 125 mHz;GolffrequentieKlasse;28-10-2014;Gepubliceerd
F013;golffrequentie tussen 125 en 135 mHz;GolffrequentieKlasse;28-10-2014;Gepubliceerd
F014;golffrequentie tussen 135 en 145 mHz;GolffrequentieKlasse;28-10-2014;Gepubliceerd
F015;golffrequentie tussen 145 en 155 mHz;GolffrequentieKlasse;28-10-2014;Gepubliceerd
F016;golffrequentie tussen 155 en 165 mHz;GolffrequentieKlasse;28-10-2014;Gepubliceerd
F017;golffrequentie tussen 165 en 175 mHz;GolffrequentieKlasse;28-10-2014;Gepubliceerd
F018;golffrequentie tussen 175 en 185 mHz;GolffrequentieKlasse;28-10-2014;Gepubliceerd
F019;golffrequentie tussen 185 en 195 mHz;GolffrequentieKlasse;28-10-2014;Gepubliceerd
F020;golffrequentie tussen 195 en 205 mHz;GolffrequentieKlasse;28-10-2014;Gepubliceerd
F020-050;golffrequentie tussen 200 en 500 mHz;GolffrequentieKlasse;28-10-2014;Gepubliceerd
F020-100;golffrequentie tussen 200 en 1000 mHz;GolffrequentieKlasse;28-10-2014;Gepubliceerd
F021;golffrequentie tussen 205 en 215 mHz;GolffrequentieKlasse;28-10-2014;Gepubliceerd
F022;golffrequentie tussen 215 en 225 mHz;GolffrequentieKlasse;28-10-2014;Gepubliceerd
F023;golffrequentie tussen 225 en 235 mHz;GolffrequentieKlasse;28-10-2014;Gepubliceerd
F024;golffrequentie tussen 235 en 245 mHz;GolffrequentieKlasse;28-10-2014;Gepubliceerd
F025;golffrequentie tussen 245 en 255 mHz;GolffrequentieKlasse;28-10-2014;Gepubliceerd
F026;golffrequentie tussen 255 en 265 mHz;GolffrequentieKlasse;28-10-2014;Gepubliceerd
F027;golffrequentie tussen 265 en 275 mHz;GolffrequentieKlasse;28-10-2014;Gepubliceerd
F028;golffrequentie tussen 275 en 285 mHz;GolffrequentieKlasse;28-10-2014;Gepubliceerd
F029;golffrequentie tussen 285 en 295 mHz;GolffrequentieKlasse;28-10-2014;Gepubliceerd
F030;golffrequentie tussen 295 en 305 mHz;GolffrequentieKlasse;28-10-2014;Gepubliceerd
F031;golffrequentie tussen 305 en 315 mHz;GolffrequentieKlasse;28-10-2014;Gepubliceerd
F032;golffrequentie tussen 315 en 325 mHz;GolffrequentieKlasse;28-10-2014;Gepubliceerd
F033;golffrequentie tussen 325 en 335 mHz;GolffrequentieKlasse;28-10-2014;Gepubliceerd
F034;golffrequentie tussen 335 en 345 mHz;GolffrequentieKlasse;28-10-2014;Gepubliceerd
F035;golffrequentie tussen 345 en 355 mHz;GolffrequentieKlasse;28-10-2014;Gepubliceerd
F036;golffrequentie tussen 355 en 365 mHz;GolffrequentieKlasse;28-10-2014;Gepubliceerd
F037;golffrequentie tussen 365 en 375 mHz;GolffrequentieKlasse;28-10-2014;Gepubliceerd
F038;golffrequentie tussen 375 en 385 mHz;GolffrequentieKlasse;28-10-2014;Gepubliceerd
F039;golffrequentie tussen 385 en 395 mHz;GolffrequentieKlasse;28-10-2014;Gepubliceerd
F040;golffrequentie tussen 395 en 405 mHz;GolffrequentieKlasse;28-10-2014;Gepubliceerd
F041;golffrequentie tussen 405 en 415 mHz;GolffrequentieKlasse;28-10-2014;Gepubliceerd
F042;golffrequentie tussen 415 en 425 mHz;GolffrequentieKlasse;28-10-2014;Gepubliceerd
F043;golffrequentie tussen 425 en 435 mHz;GolffrequentieKlasse;28-10-2014;Gepubliceerd
F044;golffrequentie tussen 435 en 445 mHz;GolffrequentieKlasse;28-10-2014;Gepubliceerd
F045;golffrequentie tussen 445 en 455 mHz;GolffrequentieKlasse;28-10-2014;Gepubliceerd
F046;golffrequentie tussen 455 en 465 mHz;GolffrequentieKlasse;28-10-2014;Gepubliceerd
F047;golffrequentie tussen 465 en 475 mHz;GolffrequentieKlasse;28-10-2014;Gepubliceerd
F048;golffrequentie tussen 475 en 485 mHz;GolffrequentieKlasse;28-10-2014;Gepubliceerd
F049;golffrequentie tussen 485 en 495 mHz;GolffrequentieKlasse;28-10-2014;Gepubliceerd
F050;golffrequentie tussen 495 en 505 mHz;GolffrequentieKlasse;28-10-2014;Gepubliceerd
F050-100;golffrequentie tussen 500 en 1000 mHz;GolffrequentieKlasse;28-10-2014;Gepubliceerd
F051;golffrequentie tussen 505 en 515 mHz;GolffrequentieKlasse;28-10-2014;Gepubliceerd
F052;golffrequentie tussen 515 en 525 mHz;GolffrequentieKlasse;28-10-2014;Gepubliceerd
F100;golffrequentie tussen 995 en 1005 mHz;GolffrequentieKlasse;28-10-2014;Gepubliceerd
GE-M;Geslacht-Man;BiologischKenmerk;10-6-2011;Gepubliceerd
GE-V;Geslacht-Vrouw;BiologischKenmerk;10-6-2011;Gepubliceerd
H3;uitgedrukt in Tritium;HoedanigheidEquivalent;10-6-2011;Gepubliceerd
HALVWTKL;halve waterkolom;ReferentieVlak;10-6-2011;Gepubliceerd
HAT;t.o.v. Highest Astronomical Tide;ReferentieVlak;10-6-2011;Gepubliceerd
HAc;uitgedrukt in azijnzuur;HoedanigheidEquivalent;10-6-2011;Gepubliceerd
HCO3;uitgedrukt in Bicarbonaat;HoedanigheidEquivalent;10-6-2011;Gepubliceerd
HOOGPL;t.o.v. hoog peil;ReferentieVlak;18-1-2012;Gepubliceerd
HOOGTRF;hoog tarief;HoedanigheidFractieBasis;10-6-2011;Gepubliceerd
I-TEQ;uitgedrukt in I-TEQ;HoedanigheidEquivalent;10-6-2011;Gepubliceerd
I-TEQdg;uitgedrukt in I-TEQ / drooggewicht;HoedanigheidCombinatie;10-6-2011;Gepubliceerd
INSU;In situ;niet gebruiken;16-3-2013;Gepubliceerd
K2O;uitgedrukt in kaliumoxide;HoedanigheidEquivalent;21-1-2014;Gepubliceerd
K2Odg;uitgedrukt in Kaliumoxide / drooggewicht;HoedanigheidCombinatie;10-6-2011;Gepubliceerd
KAARTNDN;t.o.v. kaart Noorden;ReferentieRichting;10-6-2011;Gepubliceerd
KCldg;uitgedrukt in Kaliumchloride / drooggewicht;HoedanigheidCombinatie;10-6-2011;Gepubliceerd
KELLBSG;t.o.v. Kelly Bushing;ReferentieVlak;10-6-2011;Gepubliceerd
KL5;uitgedrukt in 5 klassen;HoedanigheidEquivalent;10-6-2011;Gepubliceerd
KVE;uitgedrukt in kolonie vormende eenheden;HoedanigheidEquivalent;10-6-2011;Gepubliceerd
L250nm;gemeten bij golflengte 250 nm;HoedanigheidOnterecht;10-6-2011;Gepubliceerd
L254nm;gemeten bij golflengte 254 nm;HoedanigheidOnterecht;10-6-2011;Gepubliceerd
L380nm;gemeten bij golflengte 380 nm;HoedanigheidOnterecht;10-6-2011;Gepubliceerd
L400-700;gemeten bij golflengtebereik 400 tot 700 nm;HoedanigheidOnterecht;12-2-2013;Gepubliceerd
L400nm;gemeten bij golflengte 400 nm;HoedanigheidOnterecht;10-6-2011;Gepubliceerd
L435-525;gemeten bij golflengtebereik 435 tot 525 nm;HoedanigheidOnterecht;30-10-2013;Gepubliceerd
L440nm;gemeten bij golflengte 440 nm;HoedanigheidOnterecht;10-6-2011;Gepubliceerd
L455nm;gemeten bij golflengte 455 nm;HoedanigheidOnterecht;6-10-2012;Gepubliceerd
L465nm;gemeten bij golflengte 465 nm;HoedanigheidOnterecht;10-6-2011;Gepubliceerd
L470nm;gemeten bij golflengte 470 nm;HoedanigheidOnterecht;10-6-2011;Gepubliceerd
L510-600;gemeten bij golflengtebereik 510 tot 600 nm;HoedanigheidOnterecht;30-10-2013;Gepubliceerd
L525nm;gemeten bij golflengte 525 nm;HoedanigheidOnterecht;10-6-2011;Gepubliceerd
L570-670;gemeten bij golflengtebereik 570 tot 670 nm;HoedanigheidOnterecht;30-10-2013;Gepubliceerd
L570nm;gemeten bij golflengte 570 nm;HoedanigheidOnterecht;29-2-2012;Gepubliceerd
L590nm;gemeten bij golflengte 590 nm;HoedanigheidOnterecht;10-6-2011;Gepubliceerd
L610nm;gemeten bij golflengte 610 nm;HoedanigheidOnterecht;29-2-2012;Gepubliceerd
L650nm;gemeten bij golflengte 650 nm;HoedanigheidOnterecht;10-6-2011;Gepubliceerd
L655nm;gemeten bij golflengte 655 nm;HoedanigheidOnterecht;6-10-2012;Gepubliceerd
L665nm;gemeten bij golflengte 665 nm;HoedanigheidOnterecht;10-6-2011;Gepubliceerd
L672nm;gemeten bij golflengte 672 nm;HoedanigheidOnterecht;10-6-2011;Gepubliceerd
L700-825;gemeten bij golflengtebereik 700 tot 825 nm;HoedanigheidOnterecht;30-10-2013;Gepubliceerd
L776nm;gemeten bij golflengte 776 nm;HoedanigheidOnterecht;10-6-2011;Gepubliceerd
L825-950;gemeten bij golflengtebereik 825 tot 950 nm;HoedanigheidOnterecht;30-10-2013;Gepubliceerd
LAAGPL;t.o.v. laag peil;ReferentieVlak;18-1-2012;Gepubliceerd
LAAGTRF;laag tarief;HoedanigheidFractieBasis;10-6-2011;Gepubliceerd
LAT;t.o.v. Lowest Astronomical Tide;ReferentieVlak;10-6-2011;Gepubliceerd
LEVD;Levend;BiologischKenmerk;10-6-2011;Gepubliceerd
LINKOVR;t.o.v. linkeroever;ReferentieRichting;18-1-2012;Gepubliceerd
LLWS1980;t.o.v. Laag Laag Water Spring 1980.0;ReferentieVlak;10-6-2011;Gepubliceerd
LLWS1985;t.o.v. Laag Laag Water Spring 1985.0;ReferentieVlak;10-6-2011;Gepubliceerd
LLWS1992;t.o.v. Laag Laag Water Spring 1992.0;ReferentieVlak;10-6-2011;Gepubliceerd
LS;uitgedrukt in C12ySO4 (laurylsulfaat);HoedanigheidEquivalent;12-4-2014;Gepubliceerd
LS-10;LS-waarde cumulatief 10.0 Â± 0.1 ml/g;UitloogFractie;30-10-2013;Gepubliceerd
LS-10dg;LS-waarde cumulatief 10.0 Â± 0.1 ml/g / drooggewicht;HoedanigheidCombinatie;30-10-2013;Gepubliceerd
LS-10nf;LS-waarde cumulatief 10.0 Â± 0.1 ml/g na filtratie;HoedanigheidCombinatie;30-10-2013;Gepubliceerd
LS-AD;Levenstadium-Adult;BiologischKenmerk;10-6-2011;Gepubliceerd
LS-CE;Levensstadium-Cercarie;BiologischKenmerk;16-10-2014;Gepubliceerd
LS-CO;Levenstadium-Copepodiet;BiologischKenmerk;10-6-2011;Gepubliceerd
LS-DL;Levensstadium-Dauer larve;BiologischKenmerk;8-6-2013;Gepubliceerd
LS-EI;Levenstadium-Ei;BiologischKenmerk;10-6-2011;Gepubliceerd
LS-EM;Levenstadium-Embryo;BiologischKenmerk;10-6-2011;Gepubliceerd
LS-EP;Levenstadium-Ephippium;BiologischKenmerk;31-8-2011;Gepubliceerd
LS-EX;Levenstadium-Exuvium;BiologischKenmerk;10-6-2011;Gepubliceerd
LS-FL;Levenstadium-Flagellaat;BiologischKenmerk;10-6-2011;Gepubliceerd
LS-JU;Levenstadium-Juveniel;BiologischKenmerk;10-6-2011;Gepubliceerd
LS-KU;Levenstadium-Kuiken;BiologischKenmerk;10-6-2011;Gepubliceerd
LS-LA;Levenstadium-Larve;BiologischKenmerk;10-6-2011;Gepubliceerd
LS-NA;Levenstadium-Nauplius;BiologischKenmerk;10-6-2011;Gepubliceerd
LS-NY;Levenstadium-Nimf;BiologischKenmerk;10-6-2011;Gepubliceerd
LS-PO;Levenstadium-Pop;BiologischKenmerk;10-6-2011;Gepubliceerd
LS-PU;Levenstadium-Pul of donsjong;BiologischKenmerk;10-6-2011;Gepubliceerd
LS-SP;Levenstadium-Spore;BiologischKenmerk;10-6-2011;Gepubliceerd
LS-VE;Levensstadium-Veliger;BiologischKenmerk;10-6-2011;Gepubliceerd
LV-K;Levensvorm-Kolonie;BiologischKenmerk;10-6-2011;Gepubliceerd
LV-S;Levensvorm-Solitair;BiologischKenmerk;10-6-2011;Gepubliceerd
MAAIVD;t.o.v. maaiveld;ReferentieVlak;10-6-2011;Gepubliceerd
METLN;t.o.v. metalen;HoedanigheidReferentieBasis;10-6-2011;Gepubliceerd
METLNG;t.o.v. metalen grijze lijst;HoedanigheidReferentieBasis;10-6-2011;Gepubliceerd
METLNZ;t.o.v. metalen zwarte lijst;HoedanigheidReferentieBasis;10-6-2011;Gepubliceerd
MSL;t.o.v. Mean Sea Level;ReferentieVlak;10-6-2011;Gepubliceerd
MWA;meest waarschijnlijke aantal;HoedanigheidOnterecht;10-6-2011;Gepubliceerd
MgO;uitgedrukt in Magnesiumoxide;HoedanigheidEquivalent;13-9-2014;Gepubliceerd
MgOdg;uitgedrukt in Magnesiumoxide / drooggewicht;HoedanigheidCombinatie;10-6-2011;Gepubliceerd
N;uitgedrukt in Stikstof;HoedanigheidEquivalent;10-6-2011;Gepubliceerd
NAP;t.o.v. Normaal Amsterdams Peil;ReferentieVlak;10-6-2011;Gepubliceerd
NH4;uitgedrukt in ammonium;HoedanigheidEquivalent;13-9-2014;Gepubliceerd
NH4dg;uitgedrukt in ammonium / drooggewicht;HoedanigheidCombinatie;13-9-2014;Gepubliceerd
NO2;uitgedrukt in nitriet;HoedanigheidEquivalent;13-9-2014;Gepubliceerd
NO2dg;uitgedrukt in nitriet / drooggewicht;HoedanigheidCombinatie;13-9-2014;Gepubliceerd
NO3;uitgedrukt in nitraat;HoedanigheidEquivalent;13-9-2014;Gepubliceerd
NO3dg;uitgedrukt in nitraat / drooggewicht;HoedanigheidCombinatie;13-9-2014;Gepubliceerd
NVT;Niet van toepassing;(technisch);16-3-2013;Gepubliceerd
Na2Odg;uitgedrukt in Natriumoxide / drooggewicht;HoedanigheidCombinatie;10-6-2011;Gepubliceerd
NaCl;uitgedrukt in natriumchloride;HoedanigheidEquivalent;21-1-2014;Gepubliceerd
Ndg;uitgedrukt in Stikstof / drooggewicht;HoedanigheidCombinatie;10-6-2011;Gepubliceerd
Nnbzndc;uitgedrukt in Stikstof na bezinken na decanteren;HoedanigheidCombinatie;10-6-2011;Gepubliceerd
Nndc;uitgedrukt in Stikstof na decanteren;HoedanigheidCombinatie;10-6-2011;Gepubliceerd
Nnf;uitgedrukt in Stikstof na filtratie;HoedanigheidCombinatie;10-6-2011;Gepubliceerd
Nnfdg;uitgedrukt in Stikstof na filtratie / drooggewicht;HoedanigheidCombinatie;26-8-2011;Gepubliceerd
Nodg;uitgedrukt in Stikstof / organisch drooggewicht;HoedanigheidCombinatie;10-6-2011;Gepubliceerd
Nos;uitgedrukt in Stikstof / organische stof;HoedanigheidCombinatie;10-6-2011;Gepubliceerd
Npg;uitgedrukt in Stikstof particulair gebonden;HoedanigheidCombinatie;10-6-2011;Gepubliceerd
O;uitgedrukt in Zuurstof (element);HoedanigheidEquivalent;22-1-2013;Gepubliceerd
O2;uitgedrukt in Zuurstof;HoedanigheidEquivalent;10-6-2011;Gepubliceerd
O2dg;uitgedrukt in Zuurstof / drooggewicht;HoedanigheidCombinatie;10-6-2011;Gepubliceerd
O2ndc;uitgedrukt in Zuurstof na decanteren;HoedanigheidCombinatie;10-6-2011;Gepubliceerd
O2nf;uitgedrukt in Zuurstof na filtratie;HoedanigheidCombinatie;10-6-2011;Gepubliceerd
OLA;t.o.v. Overeengekomen Lage Afvoer;ReferentieVlak;10-6-2011;Gepubliceerd
OLR1982;t.o.v. Overeengekomen Lage Rivierstand 1982.0;ReferentieVlak;10-6-2011;Gepubliceerd
OLR1992;t.o.v. Overeengekomen Lage Rivierstand 1992.0;ReferentieVlak;31-10-2013;Gepubliceerd
OLR2002;t.o.v. Overeengekomen Lage Rivierstand 2002.0;ReferentieVlak;31-10-2013;Gepubliceerd
OLW1972;t.o.v. Overeengekomen Lage Waterstand 1972.0;ReferentieVlak;10-6-2011;Gepubliceerd
OLW1982;t.o.v. Overeengekomen Lage Waterstand 1982.0;ReferentieVlak;10-6-2011;Gepubliceerd
OLW1991;t.o.v. Overeengekomen Lage Waterstand 1991.0;ReferentieVlak;10-6-2011;Gepubliceerd
OPGLT;opgelost;HoedanigheidOnterecht;10-6-2011;Gepubliceerd
OPN;open;HoedanigheidFractieBasis;7-8-2013;Gepubliceerd
P;uitgedrukt in Fosfor;HoedanigheidEquivalent;10-6-2011;Gepubliceerd
P2O5;uitgedrukt in P2O5;HoedanigheidEquivalent;13-9-2014;Gepubliceerd
P2O5dg;uitgedrukt in P2O5 / drooggewicht;HoedanigheidCombinatie;10-6-2011;Gepubliceerd
P2O5ng;uitgedrukt in P2O5 / natgewicht;HoedanigheidCombinatie;10-6-2011;Gepubliceerd
PAF;uitgedrukt in Potentieel Aangetaste Fractie;HoedanigheidEquivalent;10-6-2011;Gepubliceerd
PBBK;t.o.v. peilbuis bovenkant;ReferentieVlak;10-6-2011;Gepubliceerd
PLAATSLR;t.o.v. plaatselijk referentievlak;ReferentieVlak;10-6-2011;Gepubliceerd
PO4;uitgedrukt in fosfaat;HoedanigheidEquivalent;21-1-2014;Gepubliceerd
PO4dg;uitgedrukt in fosfaat / drooggewicht;HoedanigheidCombinatie;13-9-2014;Gepubliceerd
POlsendg;uitgedrukt in Olsen-P (fosfor) / drooggewicht;HoedanigheidCombinatie;1-9-2011;Gepubliceerd
POlsenng;uitgedrukt in Olsen-P (fosfor) / natgewicht;HoedanigheidCombinatie;7-9-2013;Gepubliceerd
PUTDSBK;t.o.v. putdeksel bovenkant;ReferentieVlak;13-9-2014;Gepubliceerd
PVE;uitgedrukt in plaque vormende eenheden;HoedanigheidEquivalent;11-6-2011;Gepubliceerd
Pdg;uitgedrukt in Fosfor / drooggewicht;HoedanigheidCombinatie;10-6-2011;Gepubliceerd
Pndc;uitgedrukt in Fosfor na decanteren;HoedanigheidCombinatie;10-6-2011;Gepubliceerd
Pnf;uitgedrukt in Fosfor na filtratie;HoedanigheidCombinatie;10-6-2011;Gepubliceerd
Pos;uitgedrukt in Fosfor / organische stof;HoedanigheidCombinatie;10-6-2011;Gepubliceerd
Ppg;uitgedrukt in Fosfor particulair gebonden;HoedanigheidCombinatie;10-6-2011;Gepubliceerd
PtCo;uitgedrukt volgens PtCo-schaal;HoedanigheidEquivalent;10-6-2011;Gepubliceerd
RAAIRTG;t.o.v. raairichting;ReferentieRichting;10-6-2011;Gepubliceerd
RECHTOVR;t.o.v. rechteroever;ReferentieRichting;18-1-2012;Gepubliceerd
S;uitgedrukt in Zwavel;HoedanigheidEquivalent;10-6-2011;Gepubliceerd
SENSR;t.o.v. (hoogte van) sensor;ReferentieVlak;10-6-2011;Gepubliceerd
SO4;uitgedrukt in sulfaat;HoedanigheidEquivalent;21-1-2014;Gepubliceerd
SO4dg;uitgedrukt in sulfaat / drooggewicht;HoedanigheidCombinatie;13-9-2014;Gepubliceerd
SO4nf;uitgedrukt in Sulfaat na filtratie;HoedanigheidCombinatie;10-6-2011;Gepubliceerd
SPRONGLG;t.o.v. spronglaag;ReferentieVlak;10-6-2011;Gepubliceerd
SUBMS;Submerse fractie;HoedanigheidFractieBasis;5-8-2011;Gepubliceerd
Sdg;uitgedrukt in zwavel / drooggewicht;HoedanigheidCombinatie;21-1-2014;Gepubliceerd
Si;uitgedrukt in Silicium;HoedanigheidEquivalent;10-6-2011;Gepubliceerd
Sinf;uitgedrukt in Silicium na filtratie;HoedanigheidCombinatie;10-6-2011;Gepubliceerd
Sipg;uitgedrukt in Silicium particulair gebonden;HoedanigheidCombinatie;10-6-2011;Gepubliceerd
Sn;uitgedrukt in Tin;HoedanigheidEquivalent;10-6-2011;Gepubliceerd
Sndg;uitgedrukt in Tin / drooggewicht;HoedanigheidCombinatie;10-6-2011;Gepubliceerd
Snf;uitgedrukt in Zwavel na filtratie;HoedanigheidCombinatie;10-6-2011;Gepubliceerd
TAW;t.o.v. Tweede Algemene Waterpassing;ReferentieVlak;10-6-2011;Gepubliceerd
TEQ;uitgedrukt in Toxiciteit Equivalenten;HoedanigheidEquivalent;10-6-2011;Gepubliceerd
TEQdg;uitgedrukt in Toxiciteit Equivalenten / drooggewicht;HoedanigheidCombinatie;10-6-2011;Gepubliceerd
TOERTHG;toerental hoog;HoedanigheidFractieBasis;10-6-2011;Gepubliceerd
TOERTLG;toerental laag;HoedanigheidFractieBasis;10-6-2011;Gepubliceerd
TOERTMDL;toerental middel;HoedanigheidFractieBasis;10-6-2011;Gepubliceerd
TansleyS;uitgedrukt volgens Tansley-schaal;HoedanigheidEquivalent;28-6-2011;Gepubliceerd
VETGWT;t.o.v. vetgewicht;HoedanigheidReferentieBasis;10-6-2011;Gepubliceerd
VL-0;Vislengteklasse-0 (0+: vis in het eerste levensjaar);BiologischKenmerk;1-7-2013;Gepubliceerd
VL-1;Vislengteklasse-1 (ouder dan 0+ en met een lengte t/m 15 cm);BiologischKenmerk;1-7-2013;Gepubliceerd
VL-2;Vislengteklasse-2 (16 t/m 25 cm);BiologischKenmerk;1-7-2013;Gepubliceerd
VL-3;Vislengteklasse-3 (26 t/m 40 cm);BiologischKenmerk;1-7-2013;Gepubliceerd
VL-4;Vislengteklasse-4 (groter dan 40 cm);BiologischKenmerk;1-7-2013;Gepubliceerd
VLSK-1;Vislengte snoek klasse 1 (0 t/m 15 cm);BiologischKenmerk;7-6-2012;Gepubliceerd
VLSK-2;Vislengte snoek klasse 2 (16 t/m 35 cm);BiologischKenmerk;7-6-2012;Gepubliceerd
VLSK-3;Vislengte snoek klasse 3 (36 t/m 44 cm);BiologischKenmerk;7-6-2012;Gepubliceerd
VLSK-4;Vislengte snoek klasse 4 (45 t/m 54 cm);BiologischKenmerk;7-6-2012;Gepubliceerd
VLSK-5;Vislengte snoek klasse 5 (groter dan 54 cm);BiologischKenmerk;7-6-2012;Gepubliceerd
VV-B;Verschijningsvorm-Behaard;BiologischKenmerk;10-6-2011;Gepubliceerd
VV-G;Verschijningsvorm-Gepantserd;BiologischKenmerk;10-6-2011;Gepubliceerd
VV-N;Verschijningsvorm-Naakt;BiologischKenmerk;10-6-2011;Gepubliceerd
WARNDN;t.o.v. ware Noorden;ReferentieRichting;10-6-2011;Gepubliceerd
WATKLM;uitgedrukt in hoogte waterkolom;HoedanigheidEquivalent;10-6-2011;Gepubliceerd
WATSGL;t.o.v. waterspiegel;ReferentieVlak;10-6-2011;Gepubliceerd
WI;uitgedrukt in Waterindex;HoedanigheidEquivalent;10-6-2011;Gepubliceerd
absdg;t.o.v. absorbent drooggewicht;HoedanigheidReferentieBasis;16-3-2013;Gepubliceerd
adg;asvrij drooggewicht;HoedanigheidFractieBasis;26-8-2011;Gepubliceerd
blauwalg;fractie afkomstig van blauwalgen;HoedanigheidFractieBasis;10-6-2011;Gepubliceerd
cel;uitgedrukt in cellen;HoedanigheidEquivalent;10-6-2011;Gepubliceerd
coe;uitgedrukt in coenobia;HoedanigheidEquivalent;27-8-2011;Gepubliceerd
cryptofy;fractie afkomstig van cryptofyten;HoedanigheidFractieBasis;10-6-2011;Gepubliceerd
dBZV;BZV verwijderd;HoedanigheidFractieBasis;10-6-2011;Gepubliceerd
dBZVdg;BZV verwijderd / drooggewicht;HoedanigheidCombinatie;10-6-2011;Gepubliceerd
dCZV;CZV verwijderd;HoedanigheidFractieBasis;10-6-2011;Gepubliceerd
dCZVdg;CZV verwijderd / drooggewicht;HoedanigheidCombinatie;10-6-2011;Gepubliceerd
dTZV;TZV verwijderd;HoedanigheidFractieBasis;10-6-2011;Gepubliceerd
dTZVdg;TZV verwijderd / drooggewicht;HoedanigheidCombinatie;10-6-2011;Gepubliceerd
dg;t.o.v. drooggewicht;HoedanigheidReferentieBasis;10-6-2011;Gepubliceerd
diatomee;fractie afkomstig van diatomeeÃ«n;HoedanigheidFractieBasis;10-6-2011;Gepubliceerd
fil;uitgedrukt in filamenten;HoedanigheidEquivalent;27-8-2011;Gepubliceerd
glucse;uitgedrukt als glucose;HoedanigheidEquivalent;10-6-2011;Gepubliceerd
grensWTP;t.o.v. grensvlak wel/geen begroeiing waterplanten;HoedanigheidReferentieBasis;2-3-2013;Gepubliceerd
groenalg;fractie afkomstig van groenalgen;HoedanigheidFractieBasis;10-6-2011;Gepubliceerd
hor-vlak;in horizontaal vlak;ReferentieRichting;10-6-2011;Gepubliceerd
hyf;hydroliseerbare fractie;HoedanigheidFractieBasis;10-6-2011;Gepubliceerd
kol;uitgedrukt in kolonies;HoedanigheidEquivalent;27-8-2011;Gepubliceerd
md;minerale delen ( OS / Calciet verwijderd);HoedanigheidFractieBasis;10-6-2011;Gepubliceerd
nb;na beluchten;HoedanigheidOnterecht;10-6-2011;Gepubliceerd
nbz;na bezinken;HoedanigheidOnterecht;10-6-2011;Gepubliceerd
nc;na centifugeren;HoedanigheidOnterecht;10-6-2011;Gepubliceerd
nd;na verdunning;HoedanigheidOnterecht;10-6-2011;Gepubliceerd
ndc;na decanteren;HoedanigheidOnterecht;10-6-2011;Gepubliceerd
ne;na extractie;HoedanigheidOnterecht;10-6-2011;Gepubliceerd
nf;na filtratie (opgeloste fractie);HoedanigheidFractieBasis;10-6-2011;Gepubliceerd
nfdg;na filtratie / drooggewicht;HoedanigheidCombinatie;10-6-2011;Gepubliceerd
ng;t.o.v. natgewicht;HoedanigheidReferentieBasis;10-6-2011;Gepubliceerd
nv;na vriesdrogen;HoedanigheidOnterecht;10-6-2011;Gepubliceerd
odg;t.o.v. organisch drooggewicht;HoedanigheidReferentieBasis;10-6-2011;Gepubliceerd
pg;particulair gebonden;HoedanigheidFractieBasis;10-6-2011;Gepubliceerd
tX100;uitgedrukt in tritX100 (triton X-100);HoedanigheidEquivalent;12-4-2014;Gepubliceerd
toxblauw;fractie afkomstig van toxische blauwalgen;HoedanigheidFractieBasis;11-6-2011;Gepubliceerd
ver-vlak;in verticaal vlak;ReferentieRichting;10-6-2011;Gepubliceerd
LV-002<;Levensvorm- 002<;BiologischKenmerk;9-1-2015;Toegevoegd door Jordie Netten
LV-005;Levensvorm- 005;BiologischKenmerk;9-1-2015;Toegevoegd door Jordie Netten
LV-005<;Levensvorm- 005<;BiologischKenmerk;9-1-2015;Toegevoegd door Jordie Netten
LV-005-010;Levensvorm- 005-010;BiologischKenmerk;9-1-2015;Toegevoegd door Jordie Netten
LV-010-015;Levensvorm- 010-015;BiologischKenmerk;9-1-2015;Toegevoegd door Jordie Netten
LV-020-030;Levensvorm- 020-030;BiologischKenmerk;9-1-2015;Toegevoegd door Jordie Netten
LV-K002;Levensvorm-kolonie 002;BiologischKenmerk;9-1-2015;Toegevoegd door Jordie Netten
LV-K004;Levensvorm-kolonie 004;BiologischKenmerk;9-1-2015;Toegevoegd door Jordie Netten
LV-K016;Levensvorm-kolonie 016;BiologischKenmerk;9-1-2015;Toegevoegd door Jordie Netten
LV-K032;Levensvorm-kolonie 032;BiologischKenmerk;9-1-2015;Toegevoegd door Jordie Netten
LV-K050;Levensvorm-kolonie 050;BiologischKenmerk;9-1-2015;Toegevoegd door Jordie Netten
LV-LC;Levensvorm-LC;BiologischKenmerk;9-1-2015;Toegevoegd door Jordie Netten
